filepath,class_name,label_idx,crop_name,disease_name,is_healthy,crop_idx
D:\Major Project sem 6 spit - Copy\Smart_Agri_Assistant\data\external\plantvillage dataset\color\Tomato___Early_blight\bb2586ff-9676-4100-89f7-200d9ce5ecd6___RS_Erly.B 9386.JPG,Tomato___Early_blight,29,Tomato,Early Blight,False,13
D:\Major Project sem 6 spit - Copy\Smart_Agri_Assistant\data\external\plantvillage dataset\color\Corn_(maize)___healthy\9ae59070-5406-477c-b806-028e83e60cb0___R.S_HL 8234 copy.jpg,Corn_(maize)___healthy,10,Corn (Maize),Healthy,True,3
"D:\Major Project sem 6 spit - Copy\Smart_Agri_Assistant\data\external\plantvillage dataset\color\Pepper,_bell___Bacterial_spot\9435d4a5-e198-4c46-8a90-a888cb2e7267___JR_B.Spot 3316.JPG","Pepper,_bell___Bacterial_spot",18,"Pepper, Bell",Bacterial Spot,False,7
D:\Major Project sem 6 spit - Copy\Smart_Agri_Assistant\data\external\plantvillage dataset\color\Cherry_(including_sour)___healthy\37aa9cca-5c9e-4fd7-b668-c4df93c26b17___JR_HL 9720.JPG,Cherry_(including_sour)___healthy,6,Cherry (Including Sour),Healthy,True,2
D:\Major Project sem 6 spit - Copy\Smart_Agri_Assistant\data\external\plantvillage dataset\color\Corn_(maize)___Common_rust_\RS_Rust 2137.JPG,Corn_(maize)___Common_rust_,8,Corn (Maize),Common Rust,False,3
D:\Major Project sem 6 spit - Copy\Smart_Agri_Assistant\data\external\plantvillage dataset\color\Tomato___Tomato_mosaic_virus\57b10f20-7819-40b1-924c-b484c42c515f___PSU_CG 2356.JPG,Tomato___Tomato_mosaic_virus,36,Tomato,Tomato Mosaic Virus,False,13
D:\Major Project sem 6 spit - Copy\Smart_Agri_Assistant\data\external\plantvillage dataset\color\Tomato___Spider_mites Two-spotted_spider_mite\684c3666-4ff9-4b23-a54f-aed12dc41aee___Com.G_SpM_FL 8539.JPG,Tomato___Spider_mites Two-spotted_spider_mite,33,Tomato,Spider Mites Two-Spotted Spider Mite,False,13
D:\Major Project sem 6 spit - Copy\Smart_Agri_Assistant\data\external\plantvillage dataset\color\Blueberry___healthy\648dd675-b63d-44ea-897a-c57736deb447___RS_HL 5267.JPG,Blueberry___healthy,4,Blueberry,Healthy,True,1
D:\Major Project sem 6 spit - Copy\Smart_Agri_Assistant\data\external\plantvillage dataset\color\Grape___Black_rot\82557506-a1bd-48eb-af05-af9271673fd2___FAM_B.Rot 3480.JPG,Grape___Black_rot,11,Grape,Black Rot,False,4
D:\Major Project sem 6 spit - Copy\Smart_Agri_Assistant\data\external\plantvillage dataset\color\Potato___healthy\de9a8669-d437-40f0-aa56-fe2d8276a1e0___RS_HL 1910.JPG,Potato___healthy,22,Potato,Healthy,True,8
D:\Major Project sem 6 spit - Copy\Smart_Agri_Assistant\data\external\plantvillage dataset\color\Cherry_(including_sour)___Powdery_mildew\aab15e82-2539-4798-a755-be6442a96f83___FREC_Pwd.M 0529.JPG,Cherry_(including_sour)___Powdery_mildew,5,Cherry (Including Sour),Powdery Mildew,False,2
D:\Major Project sem 6 spit - Copy\Smart_Agri_Assistant\data\external\plantvillage dataset\color\Raspberry___healthy\a2a60055-0788-42e6-9ab5-b234c1739ebb___Mary_HL 9298.JPG,Raspberry___healthy,23,Raspberry,Healthy,True,9
D:\Major Project sem 6 spit - Copy\Smart_Agri_Assistant\data\external\plantvillage dataset\color\Raspberry___healthy\0c656dec-85e0-44cb-865c-d5b56e851160___Mary_HL 6236.JPG,Raspberry___healthy,23,Raspberry,Healthy,True,9
D:\Major Project sem 6 spit - Copy\Smart_Agri_Assistant\data\external\plantvillage dataset\color\Orange___Haunglongbing_(Citrus_greening)\58442d72-5560-4b2d-8e3e-7b8121e6fecb___CREC_HLB 4356.JPG,Orange___Haunglongbing_(Citrus_greening),15,Orange,Haunglongbing (Citrus Greening),False,5
D:\Major Project sem 6 spit - Copy\Smart_Agri_Assistant\data\external\plantvillage dataset\color\Apple___Black_rot\94ef739e-57a7-4f97-be8e-6ba2cfd16780___JR_FrgE.S 8664.JPG,Apple___Black_rot,1,Apple,Black Rot,False,0
D:\Major Project sem 6 spit - Copy\Smart_Agri_Assistant\data\external\plantvillage dataset\color\Grape___Black_rot\dfc2243f-ab60-456a-99f4-4eeafccad262___FAM_B.Rot 0659.JPG,Grape___Black_rot,11,Grape,Black Rot,False,4
D:\Major Project sem 6 spit - Copy\Smart_Agri_Assistant\data\external\plantvillage dataset\color\Tomato___healthy\b89c8996-9a04-45fe-a517-97e23227881c___GH_HL Leaf 430.JPG,Tomato___healthy,37,Tomato,Healthy,True,13
D:\Major Project sem 6 spit - Copy\Smart_Agri_Assistant\data\external\plantvillage dataset\color\Raspberry___healthy\59564e0d-f4ca-450f-adef-209cbfbec0ef___Mary_HL 9241.JPG,Raspberry___healthy,23,Raspberry,Healthy,True,9
D:\Major Project sem 6 spit - Copy\Smart_Agri_Assistant\data\external\plantvillage dataset\color\Grape___healthy\1180dbb8-4509-4f56-a5f6-15ceac163ff9___Mt.N.V_HL 8928.JPG,Grape___healthy,14,Grape,Healthy,True,4
D:\Major Project sem 6 spit - Copy\Smart_Agri_Assistant\data\external\plantvillage dataset\color\Raspberry___healthy\2f5293ed-9843-4c15-830e-94ea76b56c3a___Mary_HL 6368.JPG,Raspberry___healthy,23,Raspberry,Healthy,True,9
D:\Major Project sem 6 spit - Copy\Smart_Agri_Assistant\data\external\plantvillage dataset\color\Corn_(maize)___healthy\7cb008fd-2be4-415d-bc80-912dbf959aa4___R.S_HL 7884 copy.jpg,Corn_(maize)___healthy,10,Corn (Maize),Healthy,True,3
D:\Major Project sem 6 spit - Copy\Smart_Agri_Assistant\data\external\plantvillage dataset\color\Peach___Bacterial_spot\20266fb6-b0a2-4532-97ef-c19542d68dac___Rutg._Bact.S 1276.JPG,Peach___Bacterial_spot,16,Peach,Bacterial Spot,False,6
D:\Major Project sem 6 spit - Copy\Smart_Agri_Assistant\data\external\plantvillage dataset\color\Apple___healthy\b06260e3-9149-43c1-ab1d-2a592ee2b7fc___RS_HL 5825.JPG,Apple___healthy,3,Apple,Healthy,True,0
D:\Major Project sem 6 spit - Copy\Smart_Agri_Assistant\data\external\plantvillage dataset\color\Tomato___Spider_mites Two-spotted_spider_mite\485a1c9a-979b-46a5-b5b7-9bfca42919f6___Com.G_SpM_FL 1409.JPG,Tomato___Spider_mites Two-spotted_spider_mite,33,Tomato,Spider Mites Two-Spotted Spider Mite,False,13
D:\Major Project sem 6 spit - Copy\Smart_Agri_Assistant\data\external\plantvillage dataset\color\Tomato___healthy\1006c73b-19f8-4771-9fe5-3fc4908e8da3___RS_HL 0557.JPG,Tomato___healthy,37,Tomato,Healthy,True,13
D:\Major Project sem 6 spit - Copy\Smart_Agri_Assistant\data\external\plantvillage dataset\color\Corn_(maize)___healthy\753b1a00-7ef2-42dc-9475-c030958cb2bd___R.S_HL 7937 copy 2.jpg,Corn_(maize)___healthy,10,Corn (Maize),Healthy,True,3
D:\Major Project sem 6 spit - Copy\Smart_Agri_Assistant\data\external\plantvillage dataset\color\Strawberry___healthy\65880698-1582-43e9-86c4-3dfcea34ee8d___RS_HL 1654.JPG,Strawberry___healthy,27,Strawberry,Healthy,True,12
D:\Major Project sem 6 spit - Copy\Smart_Agri_Assistant\data\external\plantvillage dataset\color\Grape___healthy\55afb57b-04f7-437c-92ae-d2b859de5fc1___Mt.N.V_HL 8974.JPG,Grape___healthy,14,Grape,Healthy,True,4
D:\Major Project sem 6 spit - Copy\Smart_Agri_Assistant\data\external\plantvillage dataset\color\Squash___Powdery_mildew\3305e41c-2304-439e-9329-978a2d996acc___UMD_Powd.M 0254.JPG,Squash___Powdery_mildew,25,Squash,Powdery Mildew,False,11
D:\Major Project sem 6 spit - Copy\Smart_Agri_Assistant\data\external\plantvillage dataset\color\Corn_(maize)___healthy\220d849c-1a18-4743-bf5f-a570d2759818___R.S_HL 7911 copy.jpg,Corn_(maize)___healthy,10,Corn (Maize),Healthy,True,3
D:\Major Project sem 6 spit - Copy\Smart_Agri_Assistant\data\external\plantvillage dataset\color\Apple___Black_rot\f3ff804e-bca4-4a23-9af9-1f5b8c5c9980___JR_FrgE.S 3053.JPG,Apple___Black_rot,1,Apple,Black Rot,False,0
D:\Major Project sem 6 spit - Copy\Smart_Agri_Assistant\data\external\plantvillage dataset\color\Potato___healthy\1a1184f8-c414-4ead-a4c4-41ae78e29a82___RS_HL 1971.JPG,Potato___healthy,22,Potato,Healthy,True,8
D:\Major Project sem 6 spit - Copy\Smart_Agri_Assistant\data\external\plantvillage dataset\color\Cherry_(including_sour)___Powdery_mildew\e815da85-2217-4f25-8c16-e64ad69b6404___FREC_Pwd.M 0431.JPG,Cherry_(including_sour)___Powdery_mildew,5,Cherry (Including Sour),Powdery Mildew,False,2
D:\Major Project sem 6 spit - Copy\Smart_Agri_Assistant\data\external\plantvillage dataset\color\Apple___Cedar_apple_rust\81049e31-d2ea-4372-9865-c7f1479a513a___FREC_C.Rust 3833.JPG,Apple___Cedar_apple_rust,2,Apple,Cedar Apple Rust,False,0
D:\Major Project sem 6 spit - Copy\Smart_Agri_Assistant\data\external\plantvillage dataset\color\Tomato___Leaf_Mold\c969f446-4098-43f5-a1ad-71b90d1078f6___Crnl_L.Mold 6615.JPG,Tomato___Leaf_Mold,31,Tomato,Leaf Mold,False,13
D:\Major Project sem 6 spit - Copy\Smart_Agri_Assistant\data\external\plantvillage dataset\color\Corn_(maize)___Cercospora_leaf_spot Gray_leaf_spot\d9b6d600-26a3-4f19-9489-4d8be835782a___RS_GLSp 4425.JPG,Corn_(maize)___Cercospora_leaf_spot Gray_leaf_spot,7,Corn (Maize),Cercospora Leaf Spot Gray Leaf Spot,False,3
D:\Major Project sem 6 spit - Copy\Smart_Agri_Assistant\data\external\plantvillage dataset\color\Apple___Black_rot\fbd0bf3e-2260-4a97-be8a-af9cac60df7b___JR_FrgE.S 2807.JPG,Apple___Black_rot,1,Apple,Black Rot,False,0
D:\Major Project sem 6 spit - Copy\Smart_Agri_Assistant\data\external\plantvillage dataset\color\Tomato___Tomato_mosaic_virus\0befa341-0db3-49f4-b4fc-beeb05854bff___PSU_CG 2338.JPG,Tomato___Tomato_mosaic_virus,36,Tomato,Tomato Mosaic Virus,False,13
D:\Major Project sem 6 spit - Copy\Smart_Agri_Assistant\data\external\plantvillage dataset\color\Apple___Apple_scab\41c30a63-9e26-4ced-8110-038a2e36b095___FREC_Scab 3298.JPG,Apple___Apple_scab,0,Apple,Apple Scab,False,0
D:\Major Project sem 6 spit - Copy\Smart_Agri_Assistant\data\external\plantvillage dataset\color\Grape___Esca_(Black_Measles)\667d723e-edf0-4e25-b574-c913393c7141___FAM_B.Msls 1193.JPG,Grape___Esca_(Black_Measles),12,Grape,Esca (Black Measles),False,4
D:\Major Project sem 6 spit - Copy\Smart_Agri_Assistant\data\external\plantvillage dataset\color\Grape___healthy\feb2cf1a-1903-4fb8-bc99-4b399346fef0___Mt.N.V_HL 6135.JPG,Grape___healthy,14,Grape,Healthy,True,4
D:\Major Project sem 6 spit - Copy\Smart_Agri_Assistant\data\external\plantvillage dataset\color\Grape___Black_rot\308ebcde-71d3-4ade-ba8c-1447def723a0___FAM_B.Rot 5045.JPG,Grape___Black_rot,11,Grape,Black Rot,False,4
D:\Major Project sem 6 spit - Copy\Smart_Agri_Assistant\data\external\plantvillage dataset\color\Squash___Powdery_mildew\571ef675-2965-4314-b6a1-93f680c595c1___UMD_Powd.M 0691.JPG,Squash___Powdery_mildew,25,Squash,Powdery Mildew,False,11
D:\Major Project sem 6 spit - Copy\Smart_Agri_Assistant\data\external\plantvillage dataset\color\Tomato___Late_blight\366e33bd-7e1a-45b5-a473-374636bbcf02___GHLB2 Leaf 160.JPG,Tomato___Late_blight,30,Tomato,Late Blight,False,13
D:\Major Project sem 6 spit - Copy\Smart_Agri_Assistant\data\external\plantvillage dataset\color\Raspberry___healthy\21d0e467-fe38-46f5-939a-7855aaa57856___Mary_HL 9193.JPG,Raspberry___healthy,23,Raspberry,Healthy,True,9
D:\Major Project sem 6 spit - Copy\Smart_Agri_Assistant\data\external\plantvillage dataset\color\Orange___Haunglongbing_(Citrus_greening)\01d81d30-e85c-4b59-a849-240f3533b06e___CREC_HLB 4237.JPG,Orange___Haunglongbing_(Citrus_greening),15,Orange,Haunglongbing (Citrus Greening),False,5
D:\Major Project sem 6 spit - Copy\Smart_Agri_Assistant\data\external\plantvillage dataset\color\Tomato___Early_blight\620df2cc-834d-48b9-b9a8-11da26395739___RS_Erly.B 9557.JPG,Tomato___Early_blight,29,Tomato,Early Blight,False,13
D:\Major Project sem 6 spit - Copy\Smart_Agri_Assistant\data\external\plantvillage dataset\color\Grape___Esca_(Black_Measles)\3ac5e3ba-b071-47da-b76b-992e4c3e8bea___FAM_B.Msls 4369.JPG,Grape___Esca_(Black_Measles),12,Grape,Esca (Black Measles),False,4
D:\Major Project sem 6 spit - Copy\Smart_Agri_Assistant\data\external\plantvillage dataset\color\Raspberry___healthy\169a1c11-b98f-448a-87b2-9ea98a5f6c39___Mary_HL 9135.JPG,Raspberry___healthy,23,Raspberry,Healthy,True,9
D:\Major Project sem 6 spit - Copy\Smart_Agri_Assistant\data\external\plantvillage dataset\color\Corn_(maize)___healthy\31d66378-9596-4743-89cc-17ea23bdf269___R.S_HL 5548 copy 3.jpg,Corn_(maize)___healthy,10,Corn (Maize),Healthy,True,3
D:\Major Project sem 6 spit - Copy\Smart_Agri_Assistant\data\external\plantvillage dataset\color\Tomato___Target_Spot\b3201f15-9503-436f-889e-c71663ca0b2c___Com.G_TgS_FL 9691.JPG,Tomato___Target_Spot,34,Tomato,Target Spot,False,13
D:\Major Project sem 6 spit - Copy\Smart_Agri_Assistant\data\external\plantvillage dataset\color\Blueberry___healthy\4f71ab62-fa68-4288-8306-a26d30629ed7___RS_HL 2554.JPG,Blueberry___healthy,4,Blueberry,Healthy,True,1
D:\Major Project sem 6 spit - Copy\Smart_Agri_Assistant\data\external\plantvillage dataset\color\Tomato___Early_blight\dc5fc62b-20c7-441b-bd70-aa24790302eb___RS_Erly.B 9510.JPG,Tomato___Early_blight,29,Tomato,Early Blight,False,13
D:\Major Project sem 6 spit - Copy\Smart_Agri_Assistant\data\external\plantvillage dataset\color\Potato___Late_blight\86944800-4984-44f9-9c72-53fcb7324a3b___RS_LB 4015.JPG,Potato___Late_blight,21,Potato,Late Blight,False,8
D:\Major Project sem 6 spit - Copy\Smart_Agri_Assistant\data\external\plantvillage dataset\color\Potato___Early_blight\b328c22c-c9c6-41fd-9bac-daf2f26143b1___RS_Early.B 6854.JPG,Potato___Early_blight,20,Potato,Early Blight,False,8
D:\Major Project sem 6 spit - Copy\Smart_Agri_Assistant\data\external\plantvillage dataset\color\Cherry_(including_sour)___healthy\a6562ee2-b37b-4734-9bf4-75da24f34bd1___JR_HL 4153.JPG,Cherry_(including_sour)___healthy,6,Cherry (Including Sour),Healthy,True,2
D:\Major Project sem 6 spit - Copy\Smart_Agri_Assistant\data\external\plantvillage dataset\color\Strawberry___Leaf_scorch\b882a8dc-1956-448f-890a-fd188b7cc194___RS_L.Scorch 1010.JPG,Strawberry___Leaf_scorch,26,Strawberry,Leaf Scorch,False,12
D:\Major Project sem 6 spit - Copy\Smart_Agri_Assistant\data\external\plantvillage dataset\color\Grape___Black_rot\fb819384-a48d-4615-becc-7d39d48477e5___FAM_B.Rot 0463.JPG,Grape___Black_rot,11,Grape,Black Rot,False,4
D:\Major Project sem 6 spit - Copy\Smart_Agri_Assistant\data\external\plantvillage dataset\color\Cherry_(including_sour)___Powdery_mildew\b712d3c4-fd19-4785-9282-4690a358de70___FREC_Pwd.M 4970.JPG,Cherry_(including_sour)___Powdery_mildew,5,Cherry (Including Sour),Powdery Mildew,False,2
D:\Major Project sem 6 spit - Copy\Smart_Agri_Assistant\data\external\plantvillage dataset\color\Corn_(maize)___Northern_Leaf_Blight\b9f34f6d-5d5f-4638-a2f0-d45ac2ea71c3___RS_NLB 3959.JPG,Corn_(maize)___Northern_Leaf_Blight,9,Corn (Maize),Northern Leaf Blight,False,3
D:\Major Project sem 6 spit - Copy\Smart_Agri_Assistant\data\external\plantvillage dataset\color\Grape___Black_rot\c7806f17-99c4-42b1-ab9a-efac3d37e51b___FAM_B.Rot 0752.JPG,Grape___Black_rot,11,Grape,Black Rot,False,4
D:\Major Project sem 6 spit - Copy\Smart_Agri_Assistant\data\external\plantvillage dataset\color\Apple___Apple_scab\ca37bd3e-47ec-415d-8012-81e4efcc6be5___FREC_Scab 2917.JPG,Apple___Apple_scab,0,Apple,Apple Scab,False,0
D:\Major Project sem 6 spit - Copy\Smart_Agri_Assistant\data\external\plantvillage dataset\color\Corn_(maize)___healthy\ed4e7959-4be3-4897-915d-4031532fb056___R.S_HL 8259 copy.jpg,Corn_(maize)___healthy,10,Corn (Maize),Healthy,True,3
D:\Major Project sem 6 spit - Copy\Smart_Agri_Assistant\data\external\plantvillage dataset\color\Tomato___Target_Spot\d7e25967-6b1a-4f71-826a-1839300f53db___Com.G_TgS_FL 0810.JPG,Tomato___Target_Spot,34,Tomato,Target Spot,False,13
D:\Major Project sem 6 spit - Copy\Smart_Agri_Assistant\data\external\plantvillage dataset\color\Tomato___Bacterial_spot\526959cc-f05a-46fb-8625-ed60fdac30cd___GCREC_Bact.Sp 3032.JPG,Tomato___Bacterial_spot,28,Tomato,Bacterial Spot,False,13
D:\Major Project sem 6 spit - Copy\Smart_Agri_Assistant\data\external\plantvillage dataset\color\Tomato___healthy\3f730857-e87b-4de0-bcbb-fdf0314e2250___GH_HL Leaf 245.1.JPG,Tomato___healthy,37,Tomato,Healthy,True,13
D:\Major Project sem 6 spit - Copy\Smart_Agri_Assistant\data\external\plantvillage dataset\color\Peach___Bacterial_spot\3010f447-8593-4a2d-b01b-8dfa5733ca06___Rut._Bact.S 0863.JPG,Peach___Bacterial_spot,16,Peach,Bacterial Spot,False,6
D:\Major Project sem 6 spit - Copy\Smart_Agri_Assistant\data\external\plantvillage dataset\color\Grape___Black_rot\6cd047c1-d4c4-4215-8e8a-d81c7f5a3669___FAM_B.Rot 0408.JPG,Grape___Black_rot,11,Grape,Black Rot,False,4
D:\Major Project sem 6 spit - Copy\Smart_Agri_Assistant\data\external\plantvillage dataset\color\Strawberry___Leaf_scorch\5fc91330-7005-4f57-9676-c57e653c8e12___RS_L.Scorch 1204.JPG,Strawberry___Leaf_scorch,26,Strawberry,Leaf Scorch,False,12
D:\Major Project sem 6 spit - Copy\Smart_Agri_Assistant\data\external\plantvillage dataset\color\Tomato___Tomato_mosaic_virus\2f8c596f-15d8-4524-b527-8617329c1819___PSU_CG 2146.JPG,Tomato___Tomato_mosaic_virus,36,Tomato,Tomato Mosaic Virus,False,13
D:\Major Project sem 6 spit - Copy\Smart_Agri_Assistant\data\external\plantvillage dataset\color\Tomato___Bacterial_spot\f332d822-2557-42ee-ba97-c62cafcc5c29___GCREC_Bact.Sp 3172.JPG,Tomato___Bacterial_spot,28,Tomato,Bacterial Spot,False,13
D:\Major Project sem 6 spit - Copy\Smart_Agri_Assistant\data\external\plantvillage dataset\color\Apple___Black_rot\7dd50c96-8c45-4a38-bb17-e382cd5a3578___JR_FrgE.S 2829.JPG,Apple___Black_rot,1,Apple,Black Rot,False,0
"D:\Major Project sem 6 spit - Copy\Smart_Agri_Assistant\data\external\plantvillage dataset\color\Pepper,_bell___healthy\76d235a2-a493-41f8-b1a6-f0d610773c2b___JR_HL 7741.JPG","Pepper,_bell___healthy",19,"Pepper, Bell",Healthy,True,7
D:\Major Project sem 6 spit - Copy\Smart_Agri_Assistant\data\external\plantvillage dataset\color\Squash___Powdery_mildew\bb3cb6f7-eb4a-448a-b400-2b1a52358696___MD_Powd.M 0929.JPG,Squash___Powdery_mildew,25,Squash,Powdery Mildew,False,11
D:\Major Project sem 6 spit - Copy\Smart_Agri_Assistant\data\external\plantvillage dataset\color\Apple___Apple_scab\67f122a8-fb8f-4b8c-bd45-3cf11db238b8___FREC_Scab 3140.JPG,Apple___Apple_scab,0,Apple,Apple Scab,False,0
D:\Major Project sem 6 spit - Copy\Smart_Agri_Assistant\data\external\plantvillage dataset\color\Tomato___Late_blight\830c33b8-d419-4fb7-98f8-08387e726648___GHLB_PS Leaf 1.5 Day 16.jpg,Tomato___Late_blight,30,Tomato,Late Blight,False,13
D:\Major Project sem 6 spit - Copy\Smart_Agri_Assistant\data\external\plantvillage dataset\color\Tomato___Spider_mites Two-spotted_spider_mite\85b0921b-3d9a-4578-a389-6e498eba2aa3___Com.G_SpM_FL 8769.JPG,Tomato___Spider_mites Two-spotted_spider_mite,33,Tomato,Spider Mites Two-Spotted Spider Mite,False,13
D:\Major Project sem 6 spit - Copy\Smart_Agri_Assistant\data\external\plantvillage dataset\color\Tomato___Tomato_mosaic_virus\23987cfe-9866-46ce-b4ec-49ad82ede267___PSU_CG 2224.JPG,Tomato___Tomato_mosaic_virus,36,Tomato,Tomato Mosaic Virus,False,13
D:\Major Project sem 6 spit - Copy\Smart_Agri_Assistant\data\external\plantvillage dataset\color\Potato___Early_blight\dc2775b9-e62e-4fe5-921f-e1cf5c4e2fe4___RS_Early.B 6942.JPG,Potato___Early_blight,20,Potato,Early Blight,False,8
D:\Major Project sem 6 spit - Copy\Smart_Agri_Assistant\data\external\plantvillage dataset\color\Peach___healthy\aedd3442-b50a-4df3-aed3-dbcfd371f925___Rutg._HL 3550.JPG,Peach___healthy,17,Peach,Healthy,True,6
"D:\Major Project sem 6 spit - Copy\Smart_Agri_Assistant\data\external\plantvillage dataset\color\Pepper,_bell___Bacterial_spot\884c2da1-3b43-46aa-85bb-0f72ed25c266___JR_B.Spot 8906.JPG","Pepper,_bell___Bacterial_spot",18,"Pepper, Bell",Bacterial Spot,False,7
D:\Major Project sem 6 spit - Copy\Smart_Agri_Assistant\data\external\plantvillage dataset\color\Strawberry___Leaf_scorch\516b081c-77ec-40bc-a6c1-0a1c18a353e2___RS_L.Scorch 1292.JPG,Strawberry___Leaf_scorch,26,Strawberry,Leaf Scorch,False,12
D:\Major Project sem 6 spit - Copy\Smart_Agri_Assistant\data\external\plantvillage dataset\color\Grape___Esca_(Black_Measles)\0ac7f7a3-2748-4f58-ae8d-426cdc5113f4___FAM_B.Msls 4432.JPG,Grape___Esca_(Black_Measles),12,Grape,Esca (Black Measles),False,4
D:\Major Project sem 6 spit - Copy\Smart_Agri_Assistant\data\external\plantvillage dataset\color\Tomato___Tomato_Yellow_Leaf_Curl_Virus\5180874e-8e5d-4767-9598-134ac0f56747___UF.GRC_YLCV_Lab 02992.JPG,Tomato___Tomato_Yellow_Leaf_Curl_Virus,35,Tomato,Tomato Yellow Leaf Curl Virus,False,13
D:\Major Project sem 6 spit - Copy\Smart_Agri_Assistant\data\external\plantvillage dataset\color\Tomato___Early_blight\809042e0-7587-4a45-93e8-e166c07a55ec___RS_Erly.B 7692.JPG,Tomato___Early_blight,29,Tomato,Early Blight,False,13
D:\Major Project sem 6 spit - Copy\Smart_Agri_Assistant\data\external\plantvillage dataset\color\Tomato___Tomato_mosaic_virus\59fd6a1e-ee07-415b-a588-50f110301021___PSU_CG 2088.JPG,Tomato___Tomato_mosaic_virus,36,Tomato,Tomato Mosaic Virus,False,13
D:\Major Project sem 6 spit - Copy\Smart_Agri_Assistant\data\external\plantvillage dataset\color\Apple___Black_rot\85e5214e-2998-49c7-bdb9-ee8122387704___JR_FrgE.S 8691.JPG,Apple___Black_rot,1,Apple,Black Rot,False,0
"D:\Major Project sem 6 spit - Copy\Smart_Agri_Assistant\data\external\plantvillage dataset\color\Pepper,_bell___healthy\32f0cd4f-3786-4fc6-84e0-4ffb72e96741___JR_HL 8155.JPG","Pepper,_bell___healthy",19,"Pepper, Bell",Healthy,True,7
D:\Major Project sem 6 spit - Copy\Smart_Agri_Assistant\data\external\plantvillage dataset\color\Blueberry___healthy\c1b1625c-bb97-4a74-87a1-9528a90e2ed1___RS_HL 0636.JPG,Blueberry___healthy,4,Blueberry,Healthy,True,1
D:\Major Project sem 6 spit - Copy\Smart_Agri_Assistant\data\external\plantvillage dataset\color\Tomato___Bacterial_spot\d504f56f-b000-438e-a81a-e95870d70bb0___GCREC_Bact.Sp 5668.JPG,Tomato___Bacterial_spot,28,Tomato,Bacterial Spot,False,13
D:\Major Project sem 6 spit - Copy\Smart_Agri_Assistant\data\external\plantvillage dataset\color\Grape___Esca_(Black_Measles)\ab8d26cc-f8f1-421f-84aa-a0589fd249e7___FAM_B.Msls 3819.JPG,Grape___Esca_(Black_Measles),12,Grape,Esca (Black Measles),False,4
D:\Major Project sem 6 spit - Copy\Smart_Agri_Assistant\data\external\plantvillage dataset\color\Tomato___healthy\9268e1da-3fc4-49b1-8fcb-3f0d8957114a___GH_HL Leaf 277.1.JPG,Tomato___healthy,37,Tomato,Healthy,True,13
D:\Major Project sem 6 spit - Copy\Smart_Agri_Assistant\data\external\plantvillage dataset\color\Strawberry___healthy\714e3e69-0d2e-44d1-973f-dcf8c578ce4d___RS_HL 1765.JPG,Strawberry___healthy,27,Strawberry,Healthy,True,12
"D:\Major Project sem 6 spit - Copy\Smart_Agri_Assistant\data\external\plantvillage dataset\color\Pepper,_bell___healthy\d16ad561-8a05-45ca-a454-812e922eca83___JR_HL 8242.JPG","Pepper,_bell___healthy",19,"Pepper, Bell",Healthy,True,7
D:\Major Project sem 6 spit - Copy\Smart_Agri_Assistant\data\external\plantvillage dataset\color\Peach___healthy\c74b63a8-1ca9-4555-bbd6-9d5e70100919___Rutg._HL 3536.JPG,Peach___healthy,17,Peach,Healthy,True,6
D:\Major Project sem 6 spit - Copy\Smart_Agri_Assistant\data\external\plantvillage dataset\color\Orange___Haunglongbing_(Citrus_greening)\e7ed6328-8f15-4122-addd-385be34dc522___CREC_HLB 5170.JPG,Orange___Haunglongbing_(Citrus_greening),15,Orange,Haunglongbing (Citrus Greening),False,5
D:\Major Project sem 6 spit - Copy\Smart_Agri_Assistant\data\external\plantvillage dataset\color\Orange___Haunglongbing_(Citrus_greening)\3921410d-ac79-4220-9ea2-bcd118cbf807___UF.Citrus_HLB_Lab 0568.JPG,Orange___Haunglongbing_(Citrus_greening),15,Orange,Haunglongbing (Citrus Greening),False,5
D:\Major Project sem 6 spit - Copy\Smart_Agri_Assistant\data\external\plantvillage dataset\color\Tomato___Early_blight\ac04851f-ae27-4dc8-9ccf-d23e5a56d6f3___RS_Erly.B 9587.JPG,Tomato___Early_blight,29,Tomato,Early Blight,False,13
D:\Major Project sem 6 spit - Copy\Smart_Agri_Assistant\data\external\plantvillage dataset\color\Potato___Late_blight\891ddb02-a289-4d8e-8380-7568686b7a08___RS_LB 3193.JPG,Potato___Late_blight,21,Potato,Late Blight,False,8
D:\Major Project sem 6 spit - Copy\Smart_Agri_Assistant\data\external\plantvillage dataset\color\Tomato___Late_blight\0b988f87-fdce-40ba-aa09-7e6c9e1d6d30___GHLB_PS Leaf 21 Day 8.jpg,Tomato___Late_blight,30,Tomato,Late Blight,False,13
D:\Major Project sem 6 spit - Copy\Smart_Agri_Assistant\data\external\plantvillage dataset\color\Strawberry___Leaf_scorch\1733ec78-998c-4af9-81b3-d2ad994710ef___RS_L.Scorch 1528.JPG,Strawberry___Leaf_scorch,26,Strawberry,Leaf Scorch,False,12
D:\Major Project sem 6 spit - Copy\Smart_Agri_Assistant\data\external\plantvillage dataset\color\Potato___Early_blight\c2cc82b8-9f74-4e40-9792-c121a89a84c0___RS_Early.B 8524.JPG,Potato___Early_blight,20,Potato,Early Blight,False,8
D:\Major Project sem 6 spit - Copy\Smart_Agri_Assistant\data\external\plantvillage dataset\color\Grape___Black_rot\0c9800f1-95a1-4ebb-a098-5fb51af0581b___FAM_B.Rot 3208.JPG,Grape___Black_rot,11,Grape,Black Rot,False,4
D:\Major Project sem 6 spit - Copy\Smart_Agri_Assistant\data\external\plantvillage dataset\color\Blueberry___healthy\733d9c5c-6ec2-417f-8ecf-373d79d3774d___RS_HL 2603.JPG,Blueberry___healthy,4,Blueberry,Healthy,True,1
D:\Major Project sem 6 spit - Copy\Smart_Agri_Assistant\data\external\plantvillage dataset\color\Tomato___Spider_mites Two-spotted_spider_mite\f8b06c4f-6f3a-44dd-9a70-2ab2a9be23e6___Com.G_SpM_FL 1534.JPG,Tomato___Spider_mites Two-spotted_spider_mite,33,Tomato,Spider Mites Two-Spotted Spider Mite,False,13
D:\Major Project sem 6 spit - Copy\Smart_Agri_Assistant\data\external\plantvillage dataset\color\Soybean___healthy\2d0ef8c2-6036-45d2-b53d-285bc62dc6d3___RS_HL 6823.JPG,Soybean___healthy,24,Soybean,Healthy,True,10
D:\Major Project sem 6 spit - Copy\Smart_Agri_Assistant\data\external\plantvillage dataset\color\Raspberry___healthy\50c0401f-40bc-4591-a171-18c9ad56a2a1___Mary_HL 6334.JPG,Raspberry___healthy,23,Raspberry,Healthy,True,9
D:\Major Project sem 6 spit - Copy\Smart_Agri_Assistant\data\external\plantvillage dataset\color\Tomato___Bacterial_spot\090e981e-4e75-48db-806d-c28c970f3c9a___UF.GRC_BS_Lab Leaf 9256.JPG,Tomato___Bacterial_spot,28,Tomato,Bacterial Spot,False,13
D:\Major Project sem 6 spit - Copy\Smart_Agri_Assistant\data\external\plantvillage dataset\color\Potato___Late_blight\24482fe2-5139-4f73-909e-9ea4a3d8bf5d___RS_LB 4733.JPG,Potato___Late_blight,21,Potato,Late Blight,False,8
D:\Major Project sem 6 spit - Copy\Smart_Agri_Assistant\data\external\plantvillage dataset\color\Tomato___Bacterial_spot\f1dcec88-9f21-46c4-b60e-a6fe1a445d55___GCREC_Bact.Sp 3666.JPG,Tomato___Bacterial_spot,28,Tomato,Bacterial Spot,False,13
D:\Major Project sem 6 spit - Copy\Smart_Agri_Assistant\data\external\plantvillage dataset\color\Corn_(maize)___healthy\4de6bcf9-a5d6-4cca-b412-c9cb1fabf34f___R.S_HL 8284 copy 2.jpg,Corn_(maize)___healthy,10,Corn (Maize),Healthy,True,3
D:\Major Project sem 6 spit - Copy\Smart_Agri_Assistant\data\external\plantvillage dataset\color\Tomato___Tomato_Yellow_Leaf_Curl_Virus\0202eabf-19ef-4656-8ede-5d0e96906304___YLCV_GCREC 2604.JPG,Tomato___Tomato_Yellow_Leaf_Curl_Virus,35,Tomato,Tomato Yellow Leaf Curl Virus,False,13
D:\Major Project sem 6 spit - Copy\Smart_Agri_Assistant\data\external\plantvillage dataset\color\Tomato___Target_Spot\c8f4fc81-7531-4588-a259-a7ad99ea3db9___Com.G_TgS_FL 0911.JPG,Tomato___Target_Spot,34,Tomato,Target Spot,False,13
D:\Major Project sem 6 spit - Copy\Smart_Agri_Assistant\data\external\plantvillage dataset\color\Apple___healthy\f2e86675-cb7b-4d8a-9400-9b844ccc3f9e___RS_HL 7323.JPG,Apple___healthy,3,Apple,Healthy,True,0
D:\Major Project sem 6 spit - Copy\Smart_Agri_Assistant\data\external\plantvillage dataset\color\Corn_(maize)___Northern_Leaf_Blight\747fb09f-a7c2-4465-833f-537b32edd8ea___RS_NLB 4123.JPG,Corn_(maize)___Northern_Leaf_Blight,9,Corn (Maize),Northern Leaf Blight,False,3
D:\Major Project sem 6 spit - Copy\Smart_Agri_Assistant\data\external\plantvillage dataset\color\Squash___Powdery_mildew\90ae800d-cade-43b3-b6a3-65e1ab8d6e28___MD_Powd.M 0239.JPG,Squash___Powdery_mildew,25,Squash,Powdery Mildew,False,11
D:\Major Project sem 6 spit - Copy\Smart_Agri_Assistant\data\external\plantvillage dataset\color\Corn_(maize)___Northern_Leaf_Blight\47f24ceb-34e8-4c13-acac-e48549bc7cfa___RS_NLB 3932 copy 2.jpg,Corn_(maize)___Northern_Leaf_Blight,9,Corn (Maize),Northern Leaf Blight,False,3
D:\Major Project sem 6 spit - Copy\Smart_Agri_Assistant\data\external\plantvillage dataset\color\Tomato___Tomato_Yellow_Leaf_Curl_Virus\0dc37de6-047f-43d5-8b83-cd50628b1606___YLCV_NREC 2611.JPG,Tomato___Tomato_Yellow_Leaf_Curl_Virus,35,Tomato,Tomato Yellow Leaf Curl Virus,False,13
D:\Major Project sem 6 spit - Copy\Smart_Agri_Assistant\data\external\plantvillage dataset\color\Corn_(maize)___Common_rust_\RS_Rust 2325.JPG,Corn_(maize)___Common_rust_,8,Corn (Maize),Common Rust,False,3
D:\Major Project sem 6 spit - Copy\Smart_Agri_Assistant\data\external\plantvillage dataset\color\Apple___Cedar_apple_rust\b401cded-e2cb-4907-b475-5373142735d9___FREC_C.Rust 3766.JPG,Apple___Cedar_apple_rust,2,Apple,Cedar Apple Rust,False,0
"D:\Major Project sem 6 spit - Copy\Smart_Agri_Assistant\data\external\plantvillage dataset\color\Pepper,_bell___Bacterial_spot\ac6e6cad-2932-4af0-ad68-fdf044eecc8c___NREC_B.Spot 1796.JPG","Pepper,_bell___Bacterial_spot",18,"Pepper, Bell",Bacterial Spot,False,7
"D:\Major Project sem 6 spit - Copy\Smart_Agri_Assistant\data\external\plantvillage dataset\color\Pepper,_bell___healthy\4173faa6-34ef-4759-a763-4102f8f5f2d5___JR_HL 8542.JPG","Pepper,_bell___healthy",19,"Pepper, Bell",Healthy,True,7
D:\Major Project sem 6 spit - Copy\Smart_Agri_Assistant\data\external\plantvillage dataset\color\Potato___healthy\144d2475-21ab-4bdc-a67c-9672a9b711e6___RS_HL 5376.JPG,Potato___healthy,22,Potato,Healthy,True,8
D:\Major Project sem 6 spit - Copy\Smart_Agri_Assistant\data\external\plantvillage dataset\color\Tomato___Early_blight\22742bf8-7e7f-41cc-bf74-5fe80d6cf0cd___RS_Erly.B 6370.JPG,Tomato___Early_blight,29,Tomato,Early Blight,False,13
D:\Major Project sem 6 spit - Copy\Smart_Agri_Assistant\data\external\plantvillage dataset\color\Grape___Esca_(Black_Measles)\66aff794-a2db-4cc2-a5d2-f78c6e10ef73___FAM_B.Msls 4086.JPG,Grape___Esca_(Black_Measles),12,Grape,Esca (Black Measles),False,4
D:\Major Project sem 6 spit - Copy\Smart_Agri_Assistant\data\external\plantvillage dataset\color\Cherry_(including_sour)___healthy\546e460b-681e-48a3-b05f-4c9aa3a3b2b1___JR_HL 9604.JPG,Cherry_(including_sour)___healthy,6,Cherry (Including Sour),Healthy,True,2
D:\Major Project sem 6 spit - Copy\Smart_Agri_Assistant\data\external\plantvillage dataset\color\Peach___Bacterial_spot\935ede4e-0070-4151-9974-7882249a700b___Rut._Bact.S 1153.JPG,Peach___Bacterial_spot,16,Peach,Bacterial Spot,False,6
D:\Major Project sem 6 spit - Copy\Smart_Agri_Assistant\data\external\plantvillage dataset\color\Peach___healthy\25324783-3ee3-4725-a782-cf6e70af3885___Rutg._HL 3702.JPG,Peach___healthy,17,Peach,Healthy,True,6
D:\Major Project sem 6 spit - Copy\Smart_Agri_Assistant\data\external\plantvillage dataset\color\Grape___Leaf_blight_(Isariopsis_Leaf_Spot)\71119c61-edcb-4e12-93ca-4e10ab0c42c7___FAM_L.Blight 1562.JPG,Grape___Leaf_blight_(Isariopsis_Leaf_Spot),13,Grape,Leaf Blight (Isariopsis Leaf Spot),False,4
D:\Major Project sem 6 spit - Copy\Smart_Agri_Assistant\data\external\plantvillage dataset\color\Blueberry___healthy\ea4366cb-764a-475c-8ec3-94c711029847___RS_HL 0677.JPG,Blueberry___healthy,4,Blueberry,Healthy,True,1
D:\Major Project sem 6 spit - Copy\Smart_Agri_Assistant\data\external\plantvillage dataset\color\Apple___Apple_scab\d608ac35-eaf8-43e2-b429-f9b433126023___FREC_Scab 3386.JPG,Apple___Apple_scab,0,Apple,Apple Scab,False,0
D:\Major Project sem 6 spit - Copy\Smart_Agri_Assistant\data\external\plantvillage dataset\color\Peach___healthy\bc466949-b09d-4cd4-82ab-72f5853c2441___Rutg._HL 3753.JPG,Peach___healthy,17,Peach,Healthy,True,6
"D:\Major Project sem 6 spit - Copy\Smart_Agri_Assistant\data\external\plantvillage dataset\color\Pepper,_bell___healthy\2853ccb3-5c5e-49b9-a2ff-988224505f23___JR_HL 7851.JPG","Pepper,_bell___healthy",19,"Pepper, Bell",Healthy,True,7
"D:\Major Project sem 6 spit - Copy\Smart_Agri_Assistant\data\external\plantvillage dataset\color\Pepper,_bell___Bacterial_spot\bac5f227-64b0-4064-9716-611dd35c2897___JR_B.Spot 3103.JPG","Pepper,_bell___Bacterial_spot",18,"Pepper, Bell",Bacterial Spot,False,7
D:\Major Project sem 6 spit - Copy\Smart_Agri_Assistant\data\external\plantvillage dataset\color\Tomato___Early_blight\9f98d981-b130-4238-aa34-21b0edfc1eaf___RS_Erly.B 7806.JPG,Tomato___Early_blight,29,Tomato,Early Blight,False,13
D:\Major Project sem 6 spit - Copy\Smart_Agri_Assistant\data\external\plantvillage dataset\color\Apple___healthy\7a13d83d-7511-41c5-9fd5-9fd18d3cf3b1___RS_HL 5685.JPG,Apple___healthy,3,Apple,Healthy,True,0
D:\Major Project sem 6 spit - Copy\Smart_Agri_Assistant\data\external\plantvillage dataset\color\Corn_(maize)___Common_rust_\RS_Rust 2376.JPG,Corn_(maize)___Common_rust_,8,Corn (Maize),Common Rust,False,3
D:\Major Project sem 6 spit - Copy\Smart_Agri_Assistant\data\external\plantvillage dataset\color\Tomato___Tomato_Yellow_Leaf_Curl_Virus\be6bb0b2-fa10-4b18-884a-deee85358e85___YLCV_NREC 2782.JPG,Tomato___Tomato_Yellow_Leaf_Curl_Virus,35,Tomato,Tomato Yellow Leaf Curl Virus,False,13
D:\Major Project sem 6 spit - Copy\Smart_Agri_Assistant\data\external\plantvillage dataset\color\Grape___Esca_(Black_Measles)\cf3c56b8-6201-4a12-84bf-27a10c119585___FAM_B.Msls 4147.JPG,Grape___Esca_(Black_Measles),12,Grape,Esca (Black Measles),False,4
D:\Major Project sem 6 spit - Copy\Smart_Agri_Assistant\data\external\plantvillage dataset\color\Tomato___Bacterial_spot\24408a22-6358-438e-99a1-729ea90726ad___GCREC_Bact.Sp 3645.JPG,Tomato___Bacterial_spot,28,Tomato,Bacterial Spot,False,13
D:\Major Project sem 6 spit - Copy\Smart_Agri_Assistant\data\external\plantvillage dataset\color\Tomato___healthy\267fd403-bea5-4a99-ae97-ea1c272623a1___GH_HL Leaf 440.1.JPG,Tomato___healthy,37,Tomato,Healthy,True,13
D:\Major Project sem 6 spit - Copy\Smart_Agri_Assistant\data\external\plantvillage dataset\color\Apple___Cedar_apple_rust\ee625c73-927a-4959-ac97-d98a753ae99c___FREC_C.Rust 9904.JPG,Apple___Cedar_apple_rust,2,Apple,Cedar Apple Rust,False,0
D:\Major Project sem 6 spit - Copy\Smart_Agri_Assistant\data\external\plantvillage dataset\color\Tomato___Leaf_Mold\f9124c7e-9cfd-4b90-bc64-aadd638e896d___Crnl_L.Mold 8925.JPG,Tomato___Leaf_Mold,31,Tomato,Leaf Mold,False,13
D:\Major Project sem 6 spit - Copy\Smart_Agri_Assistant\data\external\plantvillage dataset\color\Peach___healthy\19baaa3d-d7ee-4806-a3a8-fa8164252be0___Rutg._HL 3635.JPG,Peach___healthy,17,Peach,Healthy,True,6
D:\Major Project sem 6 spit - Copy\Smart_Agri_Assistant\data\external\plantvillage dataset\color\Orange___Haunglongbing_(Citrus_greening)\0ab2fb26-1b6c-472e-9777-a09fb358dd06___UF.Citrus_HLB_Lab 1744.JPG,Orange___Haunglongbing_(Citrus_greening),15,Orange,Haunglongbing (Citrus Greening),False,5
D:\Major Project sem 6 spit - Copy\Smart_Agri_Assistant\data\external\plantvillage dataset\color\Tomato___Target_Spot\0eaa45be-4346-4e3c-ab6f-4ce9f9aec1db___Com.G_TgS_FL 7902.JPG,Tomato___Target_Spot,34,Tomato,Target Spot,False,13
D:\Major Project sem 6 spit - Copy\Smart_Agri_Assistant\data\external\plantvillage dataset\color\Tomato___Late_blight\52a111ed-9461-478b-91a1-2b5edcd26363___GHLB2 Leaf 8886.JPG,Tomato___Late_blight,30,Tomato,Late Blight,False,13
D:\Major Project sem 6 spit - Copy\Smart_Agri_Assistant\data\external\plantvillage dataset\color\Tomato___Late_blight\079f7695-a60e-4a35-a1f3-fbe71cf19126___GHLB2 Leaf 8783.JPG,Tomato___Late_blight,30,Tomato,Late Blight,False,13
D:\Major Project sem 6 spit - Copy\Smart_Agri_Assistant\data\external\plantvillage dataset\color\Strawberry___Leaf_scorch\a53532c6-6a71-48db-a78c-5bec7223fb20___RS_L.Scorch 1199.JPG,Strawberry___Leaf_scorch,26,Strawberry,Leaf Scorch,False,12
D:\Major Project sem 6 spit - Copy\Smart_Agri_Assistant\data\external\plantvillage dataset\color\Corn_(maize)___Cercospora_leaf_spot Gray_leaf_spot\f7ece943-7833-4a22-bb40-9644311794fd___RS_GLSp 4635.JPG,Corn_(maize)___Cercospora_leaf_spot Gray_leaf_spot,7,Corn (Maize),Cercospora Leaf Spot Gray Leaf Spot,False,3
D:\Major Project sem 6 spit - Copy\Smart_Agri_Assistant\data\external\plantvillage dataset\color\Corn_(maize)___Cercospora_leaf_spot Gray_leaf_spot\457d0a21-a0a5-4fb4-9502-8071991f47b2___RS_GLSp 7285.JPG,Corn_(maize)___Cercospora_leaf_spot Gray_leaf_spot,7,Corn (Maize),Cercospora Leaf Spot Gray Leaf Spot,False,3
D:\Major Project sem 6 spit - Copy\Smart_Agri_Assistant\data\external\plantvillage dataset\color\Tomato___Bacterial_spot\23642d88-83e5-491d-b9f2-7ddac809975b___GCREC_Bact.Sp 6186.JPG,Tomato___Bacterial_spot,28,Tomato,Bacterial Spot,False,13
D:\Major Project sem 6 spit - Copy\Smart_Agri_Assistant\data\external\plantvillage dataset\color\Cherry_(including_sour)___healthy\3cc559d9-c8f0-4f5f-8899-1a9ea5f01b8c___JR_HL 9483.JPG,Cherry_(including_sour)___healthy,6,Cherry (Including Sour),Healthy,True,2
D:\Major Project sem 6 spit - Copy\Smart_Agri_Assistant\data\external\plantvillage dataset\color\Grape___Leaf_blight_(Isariopsis_Leaf_Spot)\5a0dbd10-4044-4307-a3d3-55aab9e81ed9___FAM_L.Blight 0816.JPG,Grape___Leaf_blight_(Isariopsis_Leaf_Spot),13,Grape,Leaf Blight (Isariopsis Leaf Spot),False,4
D:\Major Project sem 6 spit - Copy\Smart_Agri_Assistant\data\external\plantvillage dataset\color\Tomato___Target_Spot\7c32f27e-d346-475b-ad07-75aecc3f0bb7___Com.G_TgS_FL 8098.JPG,Tomato___Target_Spot,34,Tomato,Target Spot,False,13
D:\Major Project sem 6 spit - Copy\Smart_Agri_Assistant\data\external\plantvillage dataset\color\Orange___Haunglongbing_(Citrus_greening)\cd649cc9-569e-4a24-8ebb-ef9372921a05___CREC_HLB 4560.JPG,Orange___Haunglongbing_(Citrus_greening),15,Orange,Haunglongbing (Citrus Greening),False,5
D:\Major Project sem 6 spit - Copy\Smart_Agri_Assistant\data\external\plantvillage dataset\color\Tomato___Tomato_Yellow_Leaf_Curl_Virus\e69cada6-46f9-4da4-a406-5b0d43ba7936___YLCV_GCREC 2511.JPG,Tomato___Tomato_Yellow_Leaf_Curl_Virus,35,Tomato,Tomato Yellow Leaf Curl Virus,False,13
D:\Major Project sem 6 spit - Copy\Smart_Agri_Assistant\data\external\plantvillage dataset\color\Grape___healthy\f90f64a4-437d-4673-a51f-4c5660999921___Mt.N.V_HL 9066.JPG,Grape___healthy,14,Grape,Healthy,True,4
D:\Major Project sem 6 spit - Copy\Smart_Agri_Assistant\data\external\plantvillage dataset\color\Apple___Apple_scab\22c12d6a-3c17-45be-b53b-f17f1b3f5168___FREC_Scab 3206.JPG,Apple___Apple_scab,0,Apple,Apple Scab,False,0
D:\Major Project sem 6 spit - Copy\Smart_Agri_Assistant\data\external\plantvillage dataset\color\Orange___Haunglongbing_(Citrus_greening)\d403b0d1-5377-44cc-b19e-d17d78ce60d6___CREC_HLB 5523.JPG,Orange___Haunglongbing_(Citrus_greening),15,Orange,Haunglongbing (Citrus Greening),False,5
D:\Major Project sem 6 spit - Copy\Smart_Agri_Assistant\data\external\plantvillage dataset\color\Strawberry___healthy\e3a17b75-038a-440e-8a05-ec81625091e7___RS_HL 4674.JPG,Strawberry___healthy,27,Strawberry,Healthy,True,12
D:\Major Project sem 6 spit - Copy\Smart_Agri_Assistant\data\external\plantvillage dataset\color\Corn_(maize)___Cercospora_leaf_spot Gray_leaf_spot\57e4abec-e203-4574-85f8-bc321b0e0ac3___RS_GLSp 4662.JPG,Corn_(maize)___Cercospora_leaf_spot Gray_leaf_spot,7,Corn (Maize),Cercospora Leaf Spot Gray Leaf Spot,False,3
D:\Major Project sem 6 spit - Copy\Smart_Agri_Assistant\data\external\plantvillage dataset\color\Strawberry___Leaf_scorch\c944933f-ef35-443a-b9fc-a53538ebdc3e___RS_L.Scorch 9903.JPG,Strawberry___Leaf_scorch,26,Strawberry,Leaf Scorch,False,12
D:\Major Project sem 6 spit - Copy\Smart_Agri_Assistant\data\external\plantvillage dataset\color\Grape___healthy\a523dc0c-8d71-4bd4-b1c5-13f1b594c882___Mt.N.V_HL 8922.JPG,Grape___healthy,14,Grape,Healthy,True,4
D:\Major Project sem 6 spit - Copy\Smart_Agri_Assistant\data\external\plantvillage dataset\color\Tomato___Leaf_Mold\3d203bd1-7814-4d66-a2eb-cf97193c1fbb___Crnl_L.Mold 8960.JPG,Tomato___Leaf_Mold,31,Tomato,Leaf Mold,False,13
D:\Major Project sem 6 spit - Copy\Smart_Agri_Assistant\data\external\plantvillage dataset\color\Apple___Cedar_apple_rust\8a2c7dda-c639-47f2-8f10-3bd33d24a08e___FREC_C.Rust 3929.JPG,Apple___Cedar_apple_rust,2,Apple,Cedar Apple Rust,False,0
D:\Major Project sem 6 spit - Copy\Smart_Agri_Assistant\data\external\plantvillage dataset\color\Corn_(maize)___Northern_Leaf_Blight\99ff5228-10ed-433b-bb50-1a1c7869a58d___RS_NLB 4253.JPG,Corn_(maize)___Northern_Leaf_Blight,9,Corn (Maize),Northern Leaf Blight,False,3
D:\Major Project sem 6 spit - Copy\Smart_Agri_Assistant\data\external\plantvillage dataset\color\Tomato___Tomato_mosaic_virus\9ec78399-de3a-4431-a5fc-e100406c5642___PSU_CG 2275.JPG,Tomato___Tomato_mosaic_virus,36,Tomato,Tomato Mosaic Virus,False,13
D:\Major Project sem 6 spit - Copy\Smart_Agri_Assistant\data\external\plantvillage dataset\color\Squash___Powdery_mildew\3f9ae1a9-4667-4bf6-ad26-66e81939122b___MD_Powd.M 0643.JPG,Squash___Powdery_mildew,25,Squash,Powdery Mildew,False,11
D:\Major Project sem 6 spit - Copy\Smart_Agri_Assistant\data\external\plantvillage dataset\color\Soybean___healthy\82fa6fff-d70c-4da0-b0ec-d12f15956083___RS_HL 6498.JPG,Soybean___healthy,24,Soybean,Healthy,True,10
D:\Major Project sem 6 spit - Copy\Smart_Agri_Assistant\data\external\plantvillage dataset\color\Tomato___Tomato_Yellow_Leaf_Curl_Virus\ddbd7ee2-3225-442c-bcc0-199c96048899___YLCV_GCREC 2357.JPG,Tomato___Tomato_Yellow_Leaf_Curl_Virus,35,Tomato,Tomato Yellow Leaf Curl Virus,False,13
D:\Major Project sem 6 spit - Copy\Smart_Agri_Assistant\data\external\plantvillage dataset\color\Potato___Late_blight\c0a69909-e94c-4155-a008-20b5445c56d7___RS_LB 3909.JPG,Potato___Late_blight,21,Potato,Late Blight,False,8
D:\Major Project sem 6 spit - Copy\Smart_Agri_Assistant\data\external\plantvillage dataset\color\Peach___healthy\26f351fc-7166-4eea-971e-1bca2c99cb80___Rutg._HL 2411.JPG,Peach___healthy,17,Peach,Healthy,True,6
D:\Major Project sem 6 spit - Copy\Smart_Agri_Assistant\data\external\plantvillage dataset\color\Corn_(maize)___Common_rust_\RS_Rust 1622.JPG,Corn_(maize)___Common_rust_,8,Corn (Maize),Common Rust,False,3
D:\Major Project sem 6 spit - Copy\Smart_Agri_Assistant\data\external\plantvillage dataset\color\Strawberry___healthy\16cb49b2-8d1b-4a66-95fa-9487aa0ba8f1___RS_HL 1665.JPG,Strawberry___healthy,27,Strawberry,Healthy,True,12
D:\Major Project sem 6 spit - Copy\Smart_Agri_Assistant\data\external\plantvillage dataset\color\Tomato___healthy\5faa74ba-8f46-4b2b-a7bf-3bc8d9458526___RS_HL 9741.JPG,Tomato___healthy,37,Tomato,Healthy,True,13
D:\Major Project sem 6 spit - Copy\Smart_Agri_Assistant\data\external\plantvillage dataset\color\Tomato___Septoria_leaf_spot\3f4788c4-a2fe-4c9f-907c-5d5dd4f5395c___Matt.S_CG 1143.JPG,Tomato___Septoria_leaf_spot,32,Tomato,Septoria Leaf Spot,False,13
D:\Major Project sem 6 spit - Copy\Smart_Agri_Assistant\data\external\plantvillage dataset\color\Tomato___Septoria_leaf_spot\fce4cdc2-400f-4afc-ac78-147a63ab43f1___Matt.S_CG 7596.JPG,Tomato___Septoria_leaf_spot,32,Tomato,Septoria Leaf Spot,False,13
D:\Major Project sem 6 spit - Copy\Smart_Agri_Assistant\data\external\plantvillage dataset\color\Corn_(maize)___Northern_Leaf_Blight\4feaacb9-a17f-4b39-85d5-85e5fb9997a3___RS_NLB 3575.JPG,Corn_(maize)___Northern_Leaf_Blight,9,Corn (Maize),Northern Leaf Blight,False,3
D:\Major Project sem 6 spit - Copy\Smart_Agri_Assistant\data\external\plantvillage dataset\color\Grape___Leaf_blight_(Isariopsis_Leaf_Spot)\dcea25a7-6835-42f9-9232-1c07463a85c1___FAM_L.Blight 3762.JPG,Grape___Leaf_blight_(Isariopsis_Leaf_Spot),13,Grape,Leaf Blight (Isariopsis Leaf Spot),False,4
D:\Major Project sem 6 spit - Copy\Smart_Agri_Assistant\data\external\plantvillage dataset\color\Grape___Leaf_blight_(Isariopsis_Leaf_Spot)\b0ab6f3e-8935-4d1d-81c7-4237dcb74fbc___FAM_L.Blight 4513.JPG,Grape___Leaf_blight_(Isariopsis_Leaf_Spot),13,Grape,Leaf Blight (Isariopsis Leaf Spot),False,4
D:\Major Project sem 6 spit - Copy\Smart_Agri_Assistant\data\external\plantvillage dataset\color\Potato___Early_blight\879d0dfe-d17d-486a-992c-d80089133c50___RS_Early.B 7428.JPG,Potato___Early_blight,20,Potato,Early Blight,False,8
D:\Major Project sem 6 spit - Copy\Smart_Agri_Assistant\data\external\plantvillage dataset\color\Peach___Bacterial_spot\0cc304f5-ae98-499a-a670-e00d0c3c9a7a___Rutg._Bact.S 1967.JPG,Peach___Bacterial_spot,16,Peach,Bacterial Spot,False,6
D:\Major Project sem 6 spit - Copy\Smart_Agri_Assistant\data\external\plantvillage dataset\color\Potato___Early_blight\c3bf3f15-b1ae-4e36-97a4-f341879db6ae___RS_Early.B 8263.JPG,Potato___Early_blight,20,Potato,Early Blight,False,8
D:\Major Project sem 6 spit - Copy\Smart_Agri_Assistant\data\external\plantvillage dataset\color\Potato___Early_blight\6bb48ab5-6f0d-4bd8-a3c0-bf2b6d5ed936___RS_Early.B 7281.JPG,Potato___Early_blight,20,Potato,Early Blight,False,8
D:\Major Project sem 6 spit - Copy\Smart_Agri_Assistant\data\external\plantvillage dataset\color\Apple___Black_rot\15f31b47-61da-4549-ad60-f13ef13a6512___JR_FrgE.S 8734.JPG,Apple___Black_rot,1,Apple,Black Rot,False,0
D:\Major Project sem 6 spit - Copy\Smart_Agri_Assistant\data\external\plantvillage dataset\color\Corn_(maize)___Northern_Leaf_Blight\c12432b0-42be-456f-abb0-8cf30437498b___RS_NLB  4610.JPG,Corn_(maize)___Northern_Leaf_Blight,9,Corn (Maize),Northern Leaf Blight,False,3
D:\Major Project sem 6 spit - Copy\Smart_Agri_Assistant\data\external\plantvillage dataset\color\Apple___Cedar_apple_rust\daf0438c-72e3-49af-b23a-50b0d136b18c___FREC_C.Rust 0182.JPG,Apple___Cedar_apple_rust,2,Apple,Cedar Apple Rust,False,0
D:\Major Project sem 6 spit - Copy\Smart_Agri_Assistant\data\external\plantvillage dataset\color\Soybean___healthy\fa51553a-4211-4ad7-bcef-36d2a2ebc407___RS_HL 4843.JPG,Soybean___healthy,24,Soybean,Healthy,True,10
D:\Major Project sem 6 spit - Copy\Smart_Agri_Assistant\data\external\plantvillage dataset\color\Cherry_(including_sour)___Powdery_mildew\70c5c136-d253-4825-902a-ab8e4f6b8588___FREC_Pwd.M 4849.JPG,Cherry_(including_sour)___Powdery_mildew,5,Cherry (Including Sour),Powdery Mildew,False,2
D:\Major Project sem 6 spit - Copy\Smart_Agri_Assistant\data\external\plantvillage dataset\color\Corn_(maize)___Common_rust_\RS_Rust 1827.JPG,Corn_(maize)___Common_rust_,8,Corn (Maize),Common Rust,False,3
"D:\Major Project sem 6 spit - Copy\Smart_Agri_Assistant\data\external\plantvillage dataset\color\Pepper,_bell___healthy\4960c513-0f3b-49a0-91f7-e54561f5c1f7___JR_HL 5933.JPG","Pepper,_bell___healthy",19,"Pepper, Bell",Healthy,True,7
D:\Major Project sem 6 spit - Copy\Smart_Agri_Assistant\data\external\plantvillage dataset\color\Corn_(maize)___Common_rust_\RS_Rust 2216.JPG,Corn_(maize)___Common_rust_,8,Corn (Maize),Common Rust,False,3
D:\Major Project sem 6 spit - Copy\Smart_Agri_Assistant\data\external\plantvillage dataset\color\Apple___Black_rot\33f2ada7-3d14-4a85-9601-126da3eac03f___JR_FrgE.S 3022.JPG,Apple___Black_rot,1,Apple,Black Rot,False,0
D:\Major Project sem 6 spit - Copy\Smart_Agri_Assistant\data\external\plantvillage dataset\color\Potato___Late_blight\b2492a9e-c038-48a7-8524-8f0aca7dc870___RS_LB 4291.JPG,Potato___Late_blight,21,Potato,Late Blight,False,8
D:\Major Project sem 6 spit - Copy\Smart_Agri_Assistant\data\external\plantvillage dataset\color\Potato___Late_blight\c101232e-6487-495c-ad3a-27cd1e5fb2b9___RS_LB 2573.JPG,Potato___Late_blight,21,Potato,Late Blight,False,8
D:\Major Project sem 6 spit - Copy\Smart_Agri_Assistant\data\external\plantvillage dataset\color\Corn_(maize)___Cercospora_leaf_spot Gray_leaf_spot\f8c850bb-1c2e-4340-8f00-bda707afcfa6___RS_GLSp 4451.JPG,Corn_(maize)___Cercospora_leaf_spot Gray_leaf_spot,7,Corn (Maize),Cercospora Leaf Spot Gray Leaf Spot,False,3
D:\Major Project sem 6 spit - Copy\Smart_Agri_Assistant\data\external\plantvillage dataset\color\Tomato___Spider_mites Two-spotted_spider_mite\e1ab2123-a43d-4b99-a143-df1e7f09b546___Com.G_SpM_FL 1184.JPG,Tomato___Spider_mites Two-spotted_spider_mite,33,Tomato,Spider Mites Two-Spotted Spider Mite,False,13
D:\Major Project sem 6 spit - Copy\Smart_Agri_Assistant\data\external\plantvillage dataset\color\Apple___healthy\c05b58c7-3d82-4e6b-b64f-324e0d30d44b___RS_HL 6320.JPG,Apple___healthy,3,Apple,Healthy,True,0
D:\Major Project sem 6 spit - Copy\Smart_Agri_Assistant\data\external\plantvillage dataset\color\Soybean___healthy\26d305e8-149e-4ace-82f7-a92d26689165___RS_HL 5662.JPG,Soybean___healthy,24,Soybean,Healthy,True,10
D:\Major Project sem 6 spit - Copy\Smart_Agri_Assistant\data\external\plantvillage dataset\color\Cherry_(including_sour)___Powdery_mildew\48a8b952-2746-4a2d-95f0-18f6efcaa834___FREC_Pwd.M 4794.JPG,Cherry_(including_sour)___Powdery_mildew,5,Cherry (Including Sour),Powdery Mildew,False,2
D:\Major Project sem 6 spit - Copy\Smart_Agri_Assistant\data\external\plantvillage dataset\color\Squash___Powdery_mildew\4ef20a4d-95bc-4f8b-ab61-4e77270957a6___UMD_Powd.M 0432.JPG,Squash___Powdery_mildew,25,Squash,Powdery Mildew,False,11
D:\Major Project sem 6 spit - Copy\Smart_Agri_Assistant\data\external\plantvillage dataset\color\Cherry_(including_sour)___healthy\1569c85f-1995-4dc3-8ffd-663c932f6367___JR_HL 4042.JPG,Cherry_(including_sour)___healthy,6,Cherry (Including Sour),Healthy,True,2
"D:\Major Project sem 6 spit - Copy\Smart_Agri_Assistant\data\external\plantvillage dataset\color\Pepper,_bell___healthy\08af8792-fca1-451c-bf59-51cdd9d8b7e6___JR_HL 7740.JPG","Pepper,_bell___healthy",19,"Pepper, Bell",Healthy,True,7
D:\Major Project sem 6 spit - Copy\Smart_Agri_Assistant\data\external\plantvillage dataset\color\Tomato___Septoria_leaf_spot\f4ab136f-c32b-4973-8117-be0c05a591c5___Matt.S_CG 7611.JPG,Tomato___Septoria_leaf_spot,32,Tomato,Septoria Leaf Spot,False,13
D:\Major Project sem 6 spit - Copy\Smart_Agri_Assistant\data\external\plantvillage dataset\color\Tomato___Leaf_Mold\a9ed3e3f-7c8c-4a0e-ae96-8bf55585a522___Crnl_L.Mold 7082.JPG,Tomato___Leaf_Mold,31,Tomato,Leaf Mold,False,13
D:\Major Project sem 6 spit - Copy\Smart_Agri_Assistant\data\external\plantvillage dataset\color\Tomato___Tomato_mosaic_virus\14112644-0ec3-465b-af00-ac2286d8e15f___PSU_CG 2344.JPG,Tomato___Tomato_mosaic_virus,36,Tomato,Tomato Mosaic Virus,False,13
"D:\Major Project sem 6 spit - Copy\Smart_Agri_Assistant\data\external\plantvillage dataset\color\Pepper,_bell___Bacterial_spot\ca2cf355-2e1f-4353-b541-7079b06a5893___JR_B.Spot 3117.JPG","Pepper,_bell___Bacterial_spot",18,"Pepper, Bell",Bacterial Spot,False,7
D:\Major Project sem 6 spit - Copy\Smart_Agri_Assistant\data\external\plantvillage dataset\color\Potato___healthy\e693354a-053c-4093-8642-cc8f5f9eb2cc___RS_HL 1746.JPG,Potato___healthy,22,Potato,Healthy,True,8
"D:\Major Project sem 6 spit - Copy\Smart_Agri_Assistant\data\external\plantvillage dataset\color\Pepper,_bell___Bacterial_spot\6b8b1a3d-4dd3-42a3-bebb-062d43d45a34___NREC_B.Spot 9204.JPG","Pepper,_bell___Bacterial_spot",18,"Pepper, Bell",Bacterial Spot,False,7
D:\Major Project sem 6 spit - Copy\Smart_Agri_Assistant\data\external\plantvillage dataset\color\Strawberry___healthy\bf22767d-2690-40b4-8991-b49ccd749cdc___RS_HL 2023.JPG,Strawberry___healthy,27,Strawberry,Healthy,True,12
D:\Major Project sem 6 spit - Copy\Smart_Agri_Assistant\data\external\plantvillage dataset\color\Potato___Late_blight\a6623827-bcdc-40ed-81e6-5cde1a1da997___RS_LB 3179.JPG,Potato___Late_blight,21,Potato,Late Blight,False,8
D:\Major Project sem 6 spit - Copy\Smart_Agri_Assistant\data\external\plantvillage dataset\color\Grape___Esca_(Black_Measles)\2bf35b46-3681-4bd2-8491-264ec0fe0e9f___FAM_B.Msls 1050.JPG,Grape___Esca_(Black_Measles),12,Grape,Esca (Black Measles),False,4
D:\Major Project sem 6 spit - Copy\Smart_Agri_Assistant\data\external\plantvillage dataset\color\Soybean___healthy\f4e5af25-3eb2-44ab-a11d-33d2b0a83445___RS_HL 3290.JPG,Soybean___healthy,24,Soybean,Healthy,True,10
D:\Major Project sem 6 spit - Copy\Smart_Agri_Assistant\data\external\plantvillage dataset\color\Blueberry___healthy\ed7d78eb-f75a-46be-a9c7-72f4ec6ad4ed___RS_HL 2481.JPG,Blueberry___healthy,4,Blueberry,Healthy,True,1
D:\Major Project sem 6 spit - Copy\Smart_Agri_Assistant\data\external\plantvillage dataset\color\Peach___Bacterial_spot\a462459d-35a2-4d21-bd50-65bbdab7b6e4___Rut._Bact.S 1476.JPG,Peach___Bacterial_spot,16,Peach,Bacterial Spot,False,6
D:\Major Project sem 6 spit - Copy\Smart_Agri_Assistant\data\external\plantvillage dataset\color\Tomato___Target_Spot\627ccb34-558c-4e7d-81de-8fa8fd3f7549___Com.G_TgS_FL 8198.JPG,Tomato___Target_Spot,34,Tomato,Target Spot,False,13
D:\Major Project sem 6 spit - Copy\Smart_Agri_Assistant\data\external\plantvillage dataset\color\Soybean___healthy\8e3f6573-c338-48e5-bfba-257daff8e52e___RS_HL 5048.JPG,Soybean___healthy,24,Soybean,Healthy,True,10
D:\Major Project sem 6 spit - Copy\Smart_Agri_Assistant\data\external\plantvillage dataset\color\Grape___healthy\670313f0-b36a-4151-9d81-ae1cd9ee812c___Mt.N.V_HL 6092.JPG,Grape___healthy,14,Grape,Healthy,True,4
D:\Major Project sem 6 spit - Copy\Smart_Agri_Assistant\data\external\plantvillage dataset\color\Tomato___Septoria_leaf_spot\92cf3568-abcc-43b4-acb4-9d00171d2478___Keller.St_CG 1984.JPG,Tomato___Septoria_leaf_spot,32,Tomato,Septoria Leaf Spot,False,13
D:\Major Project sem 6 spit - Copy\Smart_Agri_Assistant\data\external\plantvillage dataset\color\Corn_(maize)___Common_rust_\RS_Rust 2498.JPG,Corn_(maize)___Common_rust_,8,Corn (Maize),Common Rust,False,3
D:\Major Project sem 6 spit - Copy\Smart_Agri_Assistant\data\external\plantvillage dataset\color\Corn_(maize)___Cercospora_leaf_spot Gray_leaf_spot\a47710cd-fdee-4562-8e91-1d7f405ca44f___RS_GLSp 4409.JPG,Corn_(maize)___Cercospora_leaf_spot Gray_leaf_spot,7,Corn (Maize),Cercospora Leaf Spot Gray Leaf Spot,False,3
D:\Major Project sem 6 spit - Copy\Smart_Agri_Assistant\data\external\plantvillage dataset\color\Tomato___Leaf_Mold\790cfb1d-4926-46bb-bd50-b750e823c72a___Crnl_L.Mold 7130.JPG,Tomato___Leaf_Mold,31,Tomato,Leaf Mold,False,13
D:\Major Project sem 6 spit - Copy\Smart_Agri_Assistant\data\external\plantvillage dataset\color\Apple___healthy\6b106a6f-b47f-40a3-8825-f7bfea6163d7___RS_HL 7905.JPG,Apple___healthy,3,Apple,Healthy,True,0
D:\Major Project sem 6 spit - Copy\Smart_Agri_Assistant\data\external\plantvillage dataset\color\Apple___Cedar_apple_rust\eb94b818-0cd7-4233-8315-1138c258eb88___FREC_C.Rust 0164.JPG,Apple___Cedar_apple_rust,2,Apple,Cedar Apple Rust,False,0
"D:\Major Project sem 6 spit - Copy\Smart_Agri_Assistant\data\external\plantvillage dataset\color\Pepper,_bell___Bacterial_spot\70985466-254f-479b-86f2-9792be0864ed___JR_B.Spot 9044.JPG","Pepper,_bell___Bacterial_spot",18,"Pepper, Bell",Bacterial Spot,False,7
D:\Major Project sem 6 spit - Copy\Smart_Agri_Assistant\data\external\plantvillage dataset\color\Corn_(maize)___Northern_Leaf_Blight\a294edd3-2e37-4901-b35a-454480f4cea1___RS_NLB 0768.JPG,Corn_(maize)___Northern_Leaf_Blight,9,Corn (Maize),Northern Leaf Blight,False,3
D:\Major Project sem 6 spit - Copy\Smart_Agri_Assistant\data\external\plantvillage dataset\color\Potato___healthy\8583c4ff-2d8b-4b6f-89a8-fcc98917ce9b___RS_HL 1961.JPG,Potato___healthy,22,Potato,Healthy,True,8
D:\Major Project sem 6 spit - Copy\Smart_Agri_Assistant\data\external\plantvillage dataset\color\Tomato___Late_blight\ecacf5db-abcf-408c-b41a-93e339fbfc0c___RS_Late.B 6405.JPG,Tomato___Late_blight,30,Tomato,Late Blight,False,13
D:\Major Project sem 6 spit - Copy\Smart_Agri_Assistant\data\external\plantvillage dataset\color\Potato___healthy\1dcfeaa9-006d-470c-b3e5-d67609d07d4e___RS_HL 1808.JPG,Potato___healthy,22,Potato,Healthy,True,8
D:\Major Project sem 6 spit - Copy\Smart_Agri_Assistant\data\external\plantvillage dataset\color\Tomato___Late_blight\8d611dca-11e1-4970-9806-599173ed158d___RS_Late.B 5181.JPG,Tomato___Late_blight,30,Tomato,Late Blight,False,13
D:\Major Project sem 6 spit - Copy\Smart_Agri_Assistant\data\external\plantvillage dataset\color\Strawberry___healthy\1245a96d-9a84-402d-9dde-da8c88bf7d74___RS_HL 4474.JPG,Strawberry___healthy,27,Strawberry,Healthy,True,12
D:\Major Project sem 6 spit - Copy\Smart_Agri_Assistant\data\external\plantvillage dataset\color\Peach___Bacterial_spot\d0ad872e-3f9d-46df-9206-e3528e7d2c3f___Rut._Bact.S 1361.JPG,Peach___Bacterial_spot,16,Peach,Bacterial Spot,False,6
D:\Major Project sem 6 spit - Copy\Smart_Agri_Assistant\data\external\plantvillage dataset\color\Tomato___Septoria_leaf_spot\33da87e2-f2c6-4a99-bc3c-279f47120681___JR_Sept.L.S 2667.JPG,Tomato___Septoria_leaf_spot,32,Tomato,Septoria Leaf Spot,False,13
D:\Major Project sem 6 spit - Copy\Smart_Agri_Assistant\data\external\plantvillage dataset\color\Strawberry___Leaf_scorch\115b843f-5c32-48dd-9602-b8fa5a3c7b29___RS_L.Scorch 9986.JPG,Strawberry___Leaf_scorch,26,Strawberry,Leaf Scorch,False,12
D:\Major Project sem 6 spit - Copy\Smart_Agri_Assistant\data\external\plantvillage dataset\color\Tomato___Target_Spot\8c8e659d-009f-49bf-b2be-7972c3680a20___Com.G_TgS_FL 8362.JPG,Tomato___Target_Spot,34,Tomato,Target Spot,False,13
D:\Major Project sem 6 spit - Copy\Smart_Agri_Assistant\data\external\plantvillage dataset\color\Grape___Leaf_blight_(Isariopsis_Leaf_Spot)\80a81205-f5b3-477b-b3a1-3982a8ff2435___FAM_L.Blight 0813.JPG,Grape___Leaf_blight_(Isariopsis_Leaf_Spot),13,Grape,Leaf Blight (Isariopsis Leaf Spot),False,4
D:\Major Project sem 6 spit - Copy\Smart_Agri_Assistant\data\external\plantvillage dataset\color\Squash___Powdery_mildew\4e024f1d-8c1d-4236-ac0a-38faf75b8851___UMD_Powd.M 0305.JPG,Squash___Powdery_mildew,25,Squash,Powdery Mildew,False,11
D:\Major Project sem 6 spit - Copy\Smart_Agri_Assistant\data\external\plantvillage dataset\color\Tomato___Tomato_Yellow_Leaf_Curl_Virus\3a5a7bd1-55df-4afd-a9d5-0e93fd42be27___UF.GRC_YLCV_Lab 01324.JPG,Tomato___Tomato_Yellow_Leaf_Curl_Virus,35,Tomato,Tomato Yellow Leaf Curl Virus,False,13
D:\Major Project sem 6 spit - Copy\Smart_Agri_Assistant\data\external\plantvillage dataset\color\Grape___Leaf_blight_(Isariopsis_Leaf_Spot)\d0c5c4a8-a327-483e-8f28-9433185063ff___FAM_L.Blight 4698.JPG,Grape___Leaf_blight_(Isariopsis_Leaf_Spot),13,Grape,Leaf Blight (Isariopsis Leaf Spot),False,4
D:\Major Project sem 6 spit - Copy\Smart_Agri_Assistant\data\external\plantvillage dataset\color\Apple___healthy\ed151c2d-14c0-49e0-bab4-48e5d879d9ca___RS_HL 7554.JPG,Apple___healthy,3,Apple,Healthy,True,0
D:\Major Project sem 6 spit - Copy\Smart_Agri_Assistant\data\external\plantvillage dataset\color\Cherry_(including_sour)___Powdery_mildew\4d53f660-e6ef-47b0-8f12-24a6f7e5ddbb___FREC_Pwd.M 0523.JPG,Cherry_(including_sour)___Powdery_mildew,5,Cherry (Including Sour),Powdery Mildew,False,2
D:\Major Project sem 6 spit - Copy\Smart_Agri_Assistant\data\external\plantvillage dataset\color\Tomato___Spider_mites Two-spotted_spider_mite\c4c111ce-e78c-4c4e-9da4-cdd98a39cf2d___Com.G_SpM_FL 1406.JPG,Tomato___Spider_mites Two-spotted_spider_mite,33,Tomato,Spider Mites Two-Spotted Spider Mite,False,13
D:\Major Project sem 6 spit - Copy\Smart_Agri_Assistant\data\external\plantvillage dataset\color\Peach___healthy\5222ca45-657d-42ac-81c4-58aa0d6b9c93___Rutg._HL 3715.JPG,Peach___healthy,17,Peach,Healthy,True,6
D:\Major Project sem 6 spit - Copy\Smart_Agri_Assistant\data\external\plantvillage dataset\color\Grape___healthy\51053194-cb64-4594-8639-4657a7a7666f___Mt.N.V_HL 6179.JPG,Grape___healthy,14,Grape,Healthy,True,4
D:\Major Project sem 6 spit - Copy\Smart_Agri_Assistant\data\external\plantvillage dataset\color\Apple___Apple_scab\de341ebf-f335-4120-be2e-2640de5bde93___FREC_Scab 3375.JPG,Apple___Apple_scab,0,Apple,Apple Scab,False,0
D:\Major Project sem 6 spit - Copy\Smart_Agri_Assistant\data\external\plantvillage dataset\color\Peach___Bacterial_spot\d956ea20-a1b5-4257-b00f-3834875a92e0___Rut._Bact.S 1335.JPG,Peach___Bacterial_spot,16,Peach,Bacterial Spot,False,6
D:\Major Project sem 6 spit - Copy\Smart_Agri_Assistant\data\external\plantvillage dataset\color\Cherry_(including_sour)___healthy\4ec2d760-cc99-4368-b94d-637022f8ea12___JR_HL 9538.JPG,Cherry_(including_sour)___healthy,6,Cherry (Including Sour),Healthy,True,2
D:\Major Project sem 6 spit - Copy\Smart_Agri_Assistant\data\external\plantvillage dataset\color\Tomato___Leaf_Mold\93608d6e-7511-4388-88c1-ef45b754e9c2___Crnl_L.Mold 6580.JPG,Tomato___Leaf_Mold,31,Tomato,Leaf Mold,False,13
D:\Major Project sem 6 spit - Copy\Smart_Agri_Assistant\data\external\plantvillage dataset\color\Tomato___healthy\ec754608-21ce-40be-abd0-46a664257065___RS_HL 0376.JPG,Tomato___healthy,37,Tomato,Healthy,True,13
D:\Major Project sem 6 spit - Copy\Smart_Agri_Assistant\data\external\plantvillage dataset\color\Tomato___Leaf_Mold\8fbf1dbe-bce8-47a9-98a9-fc7b64576cc7___Crnl_L.Mold 6780.JPG,Tomato___Leaf_Mold,31,Tomato,Leaf Mold,False,13
D:\Major Project sem 6 spit - Copy\Smart_Agri_Assistant\data\external\plantvillage dataset\color\Soybean___healthy\ca11c460-38b0-4f43-9ec0-933a2ab4299a___RS_HL 5560.JPG,Soybean___healthy,24,Soybean,Healthy,True,10
D:\Major Project sem 6 spit - Copy\Smart_Agri_Assistant\data\external\plantvillage dataset\color\Apple___Cedar_apple_rust\24f68f21-8edb-49df-b0f1-d75ac66631fd___FREC_C.Rust 9937.JPG,Apple___Cedar_apple_rust,2,Apple,Cedar Apple Rust,False,0
D:\Major Project sem 6 spit - Copy\Smart_Agri_Assistant\data\external\plantvillage dataset\color\Cherry_(including_sour)___healthy\ece7b2cf-6c7f-4616-a1d1-eb4061ae9a45___JR_HL 4119.JPG,Cherry_(including_sour)___healthy,6,Cherry (Including Sour),Healthy,True,2
D:\Major Project sem 6 spit - Copy\Smart_Agri_Assistant\data\external\plantvillage dataset\color\Strawberry___healthy\d451b14d-8338-47e7-9505-1797ae645742___RS_HL 1976.JPG,Strawberry___healthy,27,Strawberry,Healthy,True,12
D:\Major Project sem 6 spit - Copy\Smart_Agri_Assistant\data\external\plantvillage dataset\color\Blueberry___healthy\f118d8ef-41f2-488b-835f-b3fb169db1e1___RS_HL 0317.JPG,Blueberry___healthy,4,Blueberry,Healthy,True,1
D:\Major Project sem 6 spit - Copy\Smart_Agri_Assistant\data\external\plantvillage dataset\color\Apple___Apple_scab\c665dad4-adfc-40a3-b1cc-a29aed48d93c___FREC_Scab 3246.JPG,Apple___Apple_scab,0,Apple,Apple Scab,False,0
D:\Major Project sem 6 spit - Copy\Smart_Agri_Assistant\data\external\plantvillage dataset\color\Potato___Early_blight\89d4dba2-3d9c-46fe-bac3-6be833b01351___RS_Early.B 6749.JPG,Potato___Early_blight,20,Potato,Early Blight,False,8
D:\Major Project sem 6 spit - Copy\Smart_Agri_Assistant\data\external\plantvillage dataset\color\Grape___Leaf_blight_(Isariopsis_Leaf_Spot)\f59890f3-cd03-43ed-a89a-8baa3587b7d9___FAM_L.Blight 0805.JPG,Grape___Leaf_blight_(Isariopsis_Leaf_Spot),13,Grape,Leaf Blight (Isariopsis Leaf Spot),False,4
D:\Major Project sem 6 spit - Copy\Smart_Agri_Assistant\data\external\plantvillage dataset\color\Tomato___Septoria_leaf_spot\2c032ba1-d4fa-4a66-be5e-9e43a28ffbb9___JR_Sept.L.S 2701.JPG,Tomato___Septoria_leaf_spot,32,Tomato,Septoria Leaf Spot,False,13
D:\Major Project sem 6 spit - Copy\Smart_Agri_Assistant\data\external\plantvillage dataset\color\Apple___healthy\62d3964c-3cc9-495c-94d5-0558f5fe3063___RS_HL 7607.JPG,Apple___healthy,3,Apple,Healthy,True,0
D:\Major Project sem 6 spit - Copy\Smart_Agri_Assistant\data\external\plantvillage dataset\color\Corn_(maize)___Cercospora_leaf_spot Gray_leaf_spot\ab5d1489-88e6-467f-b9b2-21b064d60fb0___RS_GLSp 4509.JPG,Corn_(maize)___Cercospora_leaf_spot Gray_leaf_spot,7,Corn (Maize),Cercospora Leaf Spot Gray Leaf Spot,False,3
D:\Major Project sem 6 spit - Copy\Smart_Agri_Assistant\data\external\plantvillage dataset\color\Tomato___Septoria_leaf_spot\b176a644-d8ac-4bdd-9d6b-e4038ce910ac___Matt.S_CG 6914.JPG,Tomato___Septoria_leaf_spot,32,Tomato,Septoria Leaf Spot,False,13
D:\Major Project sem 6 spit - Copy\Smart_Agri_Assistant\data\external\plantvillage dataset\color\Cherry_(including_sour)___Powdery_mildew\55477ea0-03ae-4ddd-afa5-01b0a640533d___FREC_Pwd.M 0304.JPG,Cherry_(including_sour)___Powdery_mildew,5,Cherry (Including Sour),Powdery Mildew,False,2
D:\Major Project sem 6 spit - Copy\Smart_Agri_Assistant\data\external\plantvillage dataset\color\Potato___healthy\2dee1571-ef6b-40ef-8c46-334e89aad3f1___RS_HL 1950.JPG,Potato___healthy,22,Potato,Healthy,True,8
D:\Major Project sem 6 spit - Copy\Smart_Agri_Assistant\data\external\plantvillage dataset\color\Tomato___Spider_mites Two-spotted_spider_mite\d7ec2060-8c68-4b79-af37-c13bc51f9226___Com.G_SpM_FL 8595.JPG,Tomato___Spider_mites Two-spotted_spider_mite,33,Tomato,Spider Mites Two-Spotted Spider Mite,False,13
